ID,Name,E_mail,Gender,Status,creation,Updation
1,Bhaaswar Jain,jain_bhaaswar@howell.info,Male,Active,2021-01-06T03:50:03.545+05:30,2021-01-06T03:50:03.545+05:30
2,Laal Verma PhD,laal_phd_verma@effertz.info,Male,Active,2021-01-06T03:50:03.569+05:30,2021-01-06T03:50:03.569+05:30
3,Purushottam Mehrotra,mehrotra_purushottam@batz.io,Male,Inactive,2021-01-06T03:50:03.573+05:30,2021-01-06T03:50:03.573+05:30
4,kat1,qwe1@mail.ru,Male,Active,2021-01-06T03:50:03.596+05:30,2021-01-06T14:29:53.218+05:30
5,Chidaatma Jain,jain_chidaatma@aufderhar-bergstrom.com,Female,Inactive,2021-01-06T03:50:03.607+05:30,2021-01-06T03:50:03.607+05:30
6,Lakshman Patel,lakshman_patel@hand.info,Female,Inactive,2021-01-06T03:50:03.637+05:30,2021-01-06T03:50:03.637+05:30
7,Aashritha Nair,aashritha_nair@skiles.co,Male,Inactive,2021-01-06T03:50:03.644+05:30,2021-01-06T03:50:03.644+05:30
8,Rohan Tagore,tagore_rohan@hills-brekke.info,Male,Active,2021-01-06T03:50:03.678+05:30,2021-01-06T03:50:03.678+05:30
9,Rita Reddy,reddy_rita@kautzer.org,Male,Inactive,2021-01-06T03:50:03.706+05:30,2021-01-06T03:50:03.706+05:30
11,Lakshminath Deshpande,lakshminath_deshpande@lang-trantow.biz,Female,Inactive,2021-01-06T03:50:03.732+05:30,2021-01-06T03:50:03.732+05:30
13,Devvrat Saini,devvrat_saini@bins.info,Female,Inactive,2021-01-06T03:50:03.785+05:30,2021-01-06T03:50:03.785+05:30
14,Aditya Gill,aditya_gill@leannon.name,Female,Inactive,2021-01-06T03:50:03.798+05:30,2021-01-06T03:50:03.798+05:30
15,Chandravati Mehrotra,mehrotra_chandravati@wuckert-rath.name,Male,Active,2021-01-06T03:50:03.809+05:30,2021-01-06T03:50:03.809+05:30
16,Archan Tagore V,archan_tagore_v@bradtke-treutel.info,Female,Inactive,2021-01-06T03:50:03.823+05:30,2021-01-06T03:50:03.823+05:30
17,Ms. Sitara Pothuvaal,sitara_pothuvaal_ms@kilback.co,Male,Active,2021-01-06T03:50:03.826+05:30,2021-01-06T03:50:03.826+05:30
18,Msgr. Kamalesh Mahajan,msgr_kamalesh_mahajan@robel-ruecker.co,Male,Active,2021-01-06T03:50:03.849+05:30,2021-01-06T03:50:03.849+05:30
19,Jahnu Panicker,jahnu_panicker@treutel.info,Male,Active,2021-01-06T03:50:03.876+05:30,2021-01-06T03:50:03.876+05:30
20,Bharadwaj Rana MD,rana_bharadwaj_md@witting.net,Female,Inactive,2021-01-06T03:50:03.881+05:30,2021-01-06T03:50:03.881+05:30
21,Rep. Siddhi Bharadwaj,siddhi_bharadwaj_rep@howe.io,Male,Inactive,2021-01-06T03:50:03.889+05:30,2021-01-06T03:50:03.889+05:30
23,Gautami Joshi,gautami_joshi@schuppe.io,Female,Inactive,2021-01-06T03:50:03.918+05:30,2021-01-06T03:50:03.918+05:30
